Query,Assessment_url
I am hiring for Java developers who can also collaborate effectively with my business teams.,https://www.shl.com/products/java-skills-test
I am hiring for Java developers who can also collaborate effectively with my business teams.,https://www.shl.com/products/software-development-assessment
I am hiring for Java developers who can also collaborate effectively with my business teams.,https://www.shl.com/products/teamwork-behavioural-test
I am hiring for Java developers who can also collaborate effectively with my business teams.,https://www.shl.com/products/communication-skills-test
I am hiring for Java developers who can also collaborate effectively with my business teams.,https://www.shl.com/products/cognitive-ability-test
"Looking to hire mid-level professionals who are proficient in Python, SQL and Java Script.",https://www.shl.com/products/python-skills-test
"Looking to hire mid-level professionals who are proficient in Python, SQL and Java Script.",https://www.shl.com/products/sql-skills-test
"Looking to hire mid-level professionals who are proficient in Python, SQL and Java Script.",https://www.shl.com/products/javascript-skills-test
"Looking to hire mid-level professionals who are proficient in Python, SQL and Java Script.",https://www.shl.com/products/data-analytics-assessment
"Looking to hire mid-level professionals who are proficient in Python, SQL and Java Script.",https://www.shl.com/products/coding-assessment
"Here is a JD text, can you recommend some assessment that can help me screen applications. I am hiring for an analyst and wants applications to screen using Cognitive and personality tests",https://www.shl.com/products/cognitive-ability-test
"Here is a JD text, can you recommend some assessment that can help me screen applications. I am hiring for an analyst and wants applications to screen using Cognitive and personality tests",https://www.shl.com/products/personality-questionnaire
"Here is a JD text, can you recommend some assessment that can help me screen applications. I am hiring for an analyst and wants applications to screen using Cognitive and personality tests",https://www.shl.com/products/critical-thinking-test
"Here is a JD text, can you recommend some assessment that can help me screen applications. I am hiring for an analyst and wants applications to screen using Cognitive and personality tests",https://www.shl.com/products/behavioural-style-questionnaire
"Here is a JD text, can you recommend some assessment that can help me screen applications. I am hiring for an analyst and wants applications to screen using Cognitive and personality tests",https://www.shl.com/products/problem-solving-test
